Spider-Man: Across the Spider-Verse,2023,"Animation, Action, Adventure",PG,140 ,8.6
Poor Things,2023,"Comedy, Drama, Romance",R,141 ,8.4
Oppenheimer,2023,"Biography, Drama, History",R,180 ,8.4
Sam Bahadur,2023,"Biography, Drama, War",N/A,150 ,8.1
The Holdovers,2023,"Comedy, Drama",R,133 ,8
Radical,2023,Drama,PG-13,125 ,8
Society of the Snow,2023,"Adventure, Drama, History",R,144 ,7.9
Society of the Snow,2023,"Adventure, Drama, History",R,144 ,7.9
Past Lives,2023,"Drama, Romance",PG-13,105 ,7.9
Guardians of the Galaxy Vol. 3,2023,"Action, Adventure, Comedy",PG-13,150 ,7.9
Sirf Ek Bandaa Kaafi Hai,2023,"Crime, Drama, Thriller",N/A,132 ,7.9
Killers of the Flower Moon,2023,"Crime, Drama, History",R,206 ,7.7
Mission: Impossible - Dead Reckoning Part One,2023,"Action, Adventure, Thriller",PG-13,163 ,7.7
Sound of Freedom,2023,"Biography, Crime, Drama",PG-13,131 ,7.7
John Wick: Chapter 4,2023,"Action, Crime, Thriller",R,169 ,7.7
Siya,2022,"Crime, Drama",N/A,117 ,7.7
The Covenant,2023,"Action, Drama, Thriller",R,123 ,7.5
Nimona,2023,"Animation, Action, Adventure",PG,101 ,7.5
BlackBerry,2023,"Biography, Comedy, Drama",R,120 ,7.4
Air,2023,"Drama, Sport",R,111 ,7.4
"Are You There God? It's Me, Margaret.",2023,"Comedy, Drama, Family",PG-13,106 ,7.4
Tetris,2023,"Biography, Drama, History",R,118 ,7.4
Fireworks,2023,"Drama, Romance",N/A,134 ,7.4
Chor Nikal Ke Bhaga,2023,"Crime, Drama, Thriller",TV-MA,110 ,7.4
Dungeons & Dragons: Honor Among Thieves,2023,"Action, Adventure, Comedy",PG-13,134 ,7.3
A Million Miles Away,2023,"Biography, Drama",PG,121 ,7.3
Mrs. Chatterjee vs. Norway,2023,"Biography, Drama",TV-MA,144 ,7.3
Gran Turismo,2023,"Action, Adventure, Drama",PG-13,134 ,7.2
Teenage Mutant Ninja Turtles: Mutant Mayhem,2023,"Animation, Action, Adventure",PG,99 ,7.2
The Little Mermaid,2023,"Adventure, Family, Fantasy",PG,135 ,7.2
Pamela: A Love Story,2023,"Documentary, Biography",TV-MA,112 ,7.2
Saltburn,2023,"Comedy, Drama, Thriller",R,131 ,7.1
Talk to Me,2022,"Horror, Thriller",R,95 ,7.1
The Burial,2023,Drama,R,126 ,7.1
A Good Person,2023,Drama,R,128 ,7.1
Missing,2023,"Drama, Mystery, Thriller",PG-13,111 ,7.1
Jesus Revolution,2023,Drama,PG-13,120 ,7.1
Mixed by Erry,2023,"Comedy, History",TV-MA,110 ,7.1
Dream Scenario,2023,"Comedy, Horror",R,102 ,7
The Super Mario Bros. Movie,2023,"Animation, Adventure, Comedy",PG,92 ,7
When Evil Lurks,2023,Horror,Not Rated,99 ,7
Elemental,2023,"Animation, Adventure, Comedy",PG,101 ,7
"Red, White & Royal Blue",2023,"Comedy, Romance",R,118 ,7
Extraction II,2023,"Action, Thriller",R,122 ,7
A Thousand and One,2023,"Crime, Drama",R,117 ,7
Flora and Son,2023,"Comedy, Music, Romance",R,97 ,7
Kidnapped,2023,"Drama, History",N/A,134 ,7
Post Truth,2023,"Comedy, Drama",N/A,112 ,7
Barbie,2023,"Adventure, Comedy, Fantasy",PG-13,114 ,6.9
Dumb Money,2023,"Biography, Comedy, Drama",R,105 ,6.9
Dumb Money,2023,"Biography, Comedy, Drama",R,105 ,6.9
The Hunger Games: The Ballad of Songbirds & Snakes,2023,"Action, Adventure, Drama",PG-13,157 ,6.9
The Equalizer 3,2023,"Action, Crime, Thriller",R,109 ,6.9
Sisu,2022,"Action, War",R,91 ,6.9
The Last Kingdom: Seven Kings Must Die,2023,"Action, Drama, History",TV-MA,111 ,6.9
Hardcore Never Dies,2023,Crime,N/A,108 ,6.9
The Childe,2023,"Action, Drama, Thriller",N/A,118 ,6.9
Rebound,2023,"Drama, Sport",N/A,122 ,6.9
The Creator,2023,"Action, Adventure, Drama",PG-13,133 ,6.8
Bottoms,2023,Comedy,R,91 ,6.8
Reptile,2023,"Crime, Drama, Mystery",R,134 ,6.8
Jules,2023,"Comedy, Drama, Sci-Fi",PG-13,87 ,6.8
Champions,2023,"Comedy, Drama, Sport",PG-13,124 ,6.8
Love at First Sight,2023,"Drama, Romance",PG-13,91 ,6.8
True Spirit,2023,"Adventure, Biography, Drama",TV-PG,109 ,6.8
The Wandering Earth II,2023,"Action, Adventure, Drama",Not Rated,173 ,6.8
The Hill,2023,"Biography, Drama, Sport",PG,126 ,6.7
Ferrari,2023,"Biography, Drama, History",R,130 ,6.7
Beau Is Afraid,2023,"Comedy, Drama, Horror",R,179 ,6.7
The Flash,2023,"Action, Adventure, Fantasy",PG-13,144 ,6.7
The Three Musketeers - Part I: D'Artagnan,2023,"Action, Adventure, History",N/A,121 ,6.7
The Three Musketeers - Part II: Milady,2023,"Action, Adventure, History",N/A,115 ,6.7
Sharper,2023,"Crime, Drama, Thriller",R,116 ,6.7
Creed III,2023,"Drama, Sport",PG-13,116 ,6.7
The Starling Girl,2023,Drama,R,117 ,6.7
Animal,2023,"Action, Crime, Drama",N/A,204 ,6.6
Indiana Jones and the Dial of Destiny,2023,"Action, Adventure, Sci-Fi",PG-13,154 ,6.6
Saw X,2023,"Horror, Mystery, Thriller",R,118 ,6.6
To Catch a Killer,2023,"Action, Crime, Drama",R,119 ,6.6
They Cloned Tyrone,2023,"Comedy, Mystery, Sci-Fi",R,122 ,6.6
The Roundup: No Way Out,2023,"Action, Crime, Thriller",N/A,105 ,6.6
AKA,2023,"Action, Crime, Thriller",TV-MA,122 ,6.6
Kill Boksoon,2023,"Action, Thriller",TV-MA,137 ,6.6
Napoleon,2023,"Action, Adventure, Biography",R,158 ,6.5
How to Have Sex,2023,Drama,N/A,91 ,6.5
A Haunting in Venice,2023,"Crime, Drama, Horror",PG-13,103 ,6.5
Asteroid City,2023,"Comedy, Drama, Romance",PG-13,105 ,6.5
Pain Hustlers,2023,"Crime, Drama",R,123 ,6.5
Evil Dead Rise,2023,Horror,R,96 ,6.5
Scream VI,2023,"Horror, Mystery, Thriller",R,122 ,6.5
Plane,2023,"Action, Adventure, Thriller",R,107 ,6.5
Boston Strangler,2023,"Crime, Drama, History",R,112 ,6.5
Firebrand,2023,"Drama, History",N/A,120 ,6.5
Blood & Gold,2023,"Action, Drama, War",TV-MA,98 ,6.5
Chevalier,2022,"Biography, Drama, History",PG-13,108 ,6.5
Full River Red,2023,"Comedy, Drama, History",N/A,159 ,6.5
Ransomed,2023,"Action, Drama, Thriller",N/A,132 ,6.5
No Hard Feelings,2023,"Comedy, Romance",R,103 ,6.4
Renfield,2023,"Comedy, Fantasy, Horror",R,93 ,6.4
M3GAN,2022,"Horror, Sci-Fi, Thriller",PG-13,102 ,6.4
96,2018,"Drama, Romance",Not Rated,158 ,8.5
Avengers: Infinity War,2018,"Action, Adventure, Sci-Fi",PG-13,149 ,8.4
Capernaum,2018,Drama,R,126 ,8.4
Mahanati,2018,"Biography, Drama",Not Rated,177 ,8.4
Green Book,2018,"Biography, Comedy, Drama",PG-13,130 ,8.2
Andhadhun,2018,"Crime, Mystery, Thriller",Not Rated,139 ,8.2
They Shall Not Grow Old,2018,"Documentary, History, War",R,99 ,8.2
Free Solo,2018,"Documentary, Adventure, Sport",PG-13,100 ,8.1
The Wild Pear Tree,2018,Drama,N/A,188 ,8
Bohemian Rhapsody,2018,"Biography, Drama, Music",PG-13,134 ,7.9
Shoplifters,2018,"Crime, Drama, Thriller",R,121 ,7.9
Pad Man,2018,"Comedy, Drama",PG-13,140 ,7.9
Robin Williams: Come Inside My Mind,2018,"Documentary, Biography, Comedy",TV-MA,116 ,7.9
Isle of Dogs,2018,"Animation, Adventure, Comedy",PG-13,101 ,7.8
1987: When the Day Comes,2017,"Drama, History, Thriller",Not Rated,129 ,7.8
Dying to Survive,2018,"Comedy, Drama",Not Rated,117 ,7.8
Mission: Impossible - Fallout,2018,"Action, Adventure, Thriller",PG-13,147 ,7.7
Roma,2018,Drama,R,135 ,7.7
Be With You,2018,"Drama, Fantasy, Romance",PG-13,132 ,7.7
Raazi,2018,"Action, Drama, Thriller",Not Rated,138 ,7.7
Deadpool 2,2018,"Action, Adventure, Comedy",R,119 ,7.6
A Star Is Born,2018,"Drama, Music, Romance",R,136 ,7.6
Incredibles 2,2018,"Animation, Action, Adventure",PG,118 ,7.6
Searching,2018,"Drama, Mystery, Thriller",PG-13,102 ,7.6
Hotel Mumbai,2018,"Action, Drama, History",R,123 ,7.6
Sanju,2018,"Biography, Comedy, Drama",TV-MA,155 ,7.6
Parmanu: The Story of Pokhran,2018,"Action, Drama, History",Not Rated,129 ,7.6
The Favourite,2018,"Biography, Comedy, Drama",R,119 ,7.5
A Quiet Place,2018,"Drama, Horror, Sci-Fi",PG-13,90 ,7.5
BlacKkKlansman,2018,"Biography, Comedy, Crime",R,135 ,7.5
Upgrade,2018,"Action, Sci-Fi, Thriller",R,100 ,7.5
Burning,2018,"Drama, Mystery, Thriller",Not Rated,148 ,7.5
The Hate U Give,2018,"Crime, Drama",PG-13,133 ,7.5
"Love, Simon",2018,"Comedy, Drama",PG-13,110 ,7.5
Cold War,2018,"Drama, Music, Romance",R,89 ,7.5
The Guilty,2018,"Crime, Drama, Thriller",R,85 ,7.5
Happy as Lazzaro,2018,"Drama, Fantasy, Mystery",PG-13,128 ,7.5
Stree,2018,"Comedy, Horror",Not Rated,128 ,7.5
Birds of Passage,2018,"Crime, Drama",Not Rated,125 ,7.5
Birds of Passage,2018,"Crime, Drama",Not Rated,125 ,7.5
Ready Player One,2018,"Action, Adventure, Sci-Fi",PG-13,140 ,7.4
Beautiful Boy,2018,"Biography, Drama",R,120 ,7.4
Mirage,2018,"Drama, Fantasy, Mystery",TV-MA,128 ,7.4
Eighth Grade,2018,"Comedy, Drama",R,93 ,7.4
Love Sonia,2018,Drama,N/A,122 ,7.4
Kona fer í stríð,2018,"Adventure, Comedy, Drama",Not Rated,101 ,7.4
Raid,2018,"Action, Crime, Drama",Not Rated,122 ,7.4
102 Not Out,2018,"Comedy, Drama",PG,102 ,7.4
Clergy,2018,Drama,N/A,133 ,7.4
Keys to the Heart,2018,"Comedy, Drama, Family",N/A,120 ,7.4
Bhor: Dawn,2018,Drama,N/A,93 ,7.4
Hereditary,2018,"Drama, Horror, Mystery",R,127 ,7.3
Black Panther,2018,"Action, Adventure, Sci-Fi",PG-13,134 ,7.3
First Man,2018,"Biography, Drama, History",PG-13,141 ,7.3
Mid90s,2018,"Comedy, Drama",R,85 ,7.3
The Guernsey Literary and Potato Peel Pie Society,2018,"Drama, Romance, War",TV-14,124 ,7.3
Okja,2017,"Action, Adventure, Drama",TV-MA,120 ,7.3
The Nightingale,2018,"Adventure, Drama, Thriller",R,136 ,7.3
I Can Only Imagine,2018,"Biography, Drama, Family",PG,110 ,7.3
The Spy Gone North,2018,"Drama, Thriller",Not Rated,137 ,7.3
Butterflies,2018,"Comedy, Drama",N/A,117 ,7.3
The Whiskey Bandit,2017,"Action, Biography, Crime",N/A,126 ,7.3
Eternal Winter,2018,"Drama, History, Romance",N/A,110 ,7.3
Gold,2018,"Drama, History, Sport",Not Rated,151 ,7.3
The Ballad of Buster Scruggs,2018,"Comedy, Drama, Musical",R,133 ,7.2
Papillon,2017,"Adventure, Biography, Crime",R,133 ,7.2
Vice,2018,"Biography, Comedy, Drama",R,132 ,7.2
Christopher Robin,2018,"Adventure, Comedy, Drama",PG,104 ,7.2
Dogman,2018,"Crime, Drama, Thriller",Not Rated,103 ,7.2
Brian Banks,2018,"Biography, Drama, Sport",PG-13,99 ,7.2
Trautmann,2018,"Biography, Drama, Romance",N/A,120 ,7.2
Fahrenheit 11/9,2018,Documentary,R,128 ,7.2
Sicario: Day of the Soldado,2018,"Action, Crime, Drama",R,122 ,7.1
Bad Times at the El Royale,2018,"Crime, Drama, Mystery",R,141 ,7.1
Leave No Trace,2018,"Adventure, Drama",PG,109 ,7.1
Creed II,2018,"Action, Drama, Sport",PG-13,130 ,7.1
Wild Rose,2018,"Drama, Music",R,101 ,7.1
If Beale Street Could Talk,2018,"Drama, Romance",R,119 ,7.1
Can You Ever Forgive Me?,2018,"Biography, Comedy, Crime",R,106 ,7.1
Black Mirror: Bandersnatch,2018,"Drama, Fantasy, Mystery",TV-MA,90 ,7.1
Padmaavat,2018,"Drama, History, Romance",Not Rated,163 ,7.1
The Witch: Part 1 - The Subversion,2018,"Action, Mystery, Sci-Fi",Not Rated,125 ,7.1
The Candidate,2018,"Drama, Mystery, Thriller",N/A,132 ,7.1
Steel Rain,2017,"Action, Drama, Thriller",TV-MA,139 ,7.1
Beauty and the Dogs,2017,"Crime, Drama, Thriller",TV-MA,100 ,7.1
Wrath of Silence,2017,"Crime, Drama, Mystery",Not Rated,120 ,7.1
Loveling,2018,"Comedy, Drama",N/A,95 ,7.1
Den of Thieves,2018,"Action, Crime, Drama",R,140 ,7
Ant-Man and the Wasp,2018,"Action, Adventure, Comedy",PG-13,118 ,7
The Mule,2018,"Crime, Drama, Thriller",R,116 ,7
To All the Boys I've Loved Before,2018,"Comedy, Drama, Romance",TV-14,99 ,7
American Animals,2018,"Biography, Crime, Drama",R,116 ,7
Thunder Road,2018,"Comedy, Drama",N/A,92 ,7
Border,2018,"Crime, Drama, Fantasy",R,110 ,7
The Christmas Chronicles,2018,"Adventure, Comedy, Family",PG,104 ,7
Shadow,2018,"Action, Adventure, Fantasy",Not Rated,116 ,7
The Great Battle,2018,"Action, Drama, History",Not Rated,136 ,7
The 8-Year Engagement,2017,"Drama, Romance",N/A,119 ,7
Crazy Rich Asians,2018,"Comedy, Drama, Romance",PG-13,120 ,6.9
Solo: A Star Wars Story,2018,"Action, Adventure, Sci-Fi",PG-13,135 ,6.9
777 Charlie,2022,"Adventure, Comedy, Drama",N/A,164 ,8.8
Rocketry: The Nambi Effect,2022,"Biography, Drama",Not Rated,157 ,8.7
The Kashmir Files,2022,Drama,Not Rated,170 ,8.6
Top Gun: Maverick,2022,"Action, Drama",PG-13,130 ,8.3
Kantara,2022,"Action, Adventure, Drama",Not Rated,148 ,8.2
Black Bird,2022,"Biography, Crime, Drama",TV-MA,347 ,8.1
Gargi,2022,"Drama, Thriller",N/A,140 ,8.1
Leila's Brothers,2022,Drama,N/A,165 ,7.9
Chernobyl: The Lost Tapes,2022,"Documentary, History",N/A,96 ,7.9
The Batman,2022,"Action, Crime, Drama",PG-13,176 ,7.8
Everything Everywhere All at Once,2022,"Action, Adventure, Comedy",R,139 ,7.8
All Quiet on the Western Front,2022,"Action, Drama, War",R,148 ,7.8
Puss in Boots: The Last Wish,2022,"Animation, Adventure, Comedy",PG,102 ,7.8
RRR,2022,"Action, Drama",Not Rated,187 ,7.8
Close,2022,Drama,PG-13,104 ,7.8
Thirteen Lives,2022,"Action, Adventure, Biography",PG-13,147 ,7.8
Gangubai Kathiawadi,2022,"Biography, Crime, Drama",TV-MA,152 ,7.8
"The Boy, the Mole, the Fox and the Horse",2022,"Animation, Short, Adventure",TV-G,32 ,7.8
The Banshees of Inisherin,2022,"Comedy, Drama",R,114 ,7.7
The Whale,2022,Drama,R,117 ,7.7
The Worst Person in the World,2021,"Comedy, Drama, Romance",R,128 ,7.7
The Quiet Girl,2022,Drama,PG-13,95 ,7.7
The Eight Mountains,2022,Drama,Not Rated,147 ,7.7
Marcel the Shell with Shoes On,2021,"Animation, Comedy, Drama",PG,90 ,7.7
Navalny,2022,"Documentary, Biography",R,99 ,7.7
Lucy and Desi,2022,"Documentary, Biography, Comedy",PG,103 ,7.7
Hawa,2022,"Drama, Mystery",N/A,131 ,7.7
In Search of Tomorrow,2022,"Documentary, Sci-Fi",N/A,305 ,7.7
Siya,2022,"Crime, Drama",N/A,117 ,7.7
Avatar: The Way of Water,2022,"Action, Adventure, Fantasy",PG-13,192 ,7.6
Aftersun,2022,Drama,R,102 ,7.6
Guillermo del Toro's Pinocchio,2022,"Animation, Drama, Family",PG,117 ,7.6
Joyland,2022,Drama,N/A,126 ,7.6
"Argentina, 1985",2022,"Biography, Crime, Drama",R,140 ,7.6
The Blue Caftan,2022,"Drama, Romance",N/A,122 ,7.6
Fire of Love,2022,"Documentary, Biography",PG,98 ,7.6
Ice Merchants,2022,"Animation, Short, Drama",N/A,14 ,7.6
A Man Called Otto,2022,"Comedy, Drama",PG-13,126 ,7.5
The Fabelmans,2022,Drama,PG-13,151 ,7.5
All the Beauty and the Bloodshed,2022,Documentary,Unrated,122 ,7.5
Wheel of Fortune and Fantasy,2021,"Drama, Romance",N/A,121 ,7.5
The Elephant Whisperers,2022,"Documentary, Short",PG,41 ,7.5
The Lost Leonardo,2021,"Documentary, Mystery",PG-13,96 ,7.5
Tár,2022,"Drama, Music",R,158 ,7.4
Downton Abbey: A New Era,2022,"Drama, Romance",PG,124 ,7.4
The Swimmers,2022,"Biography, Drama, Sport",PG-13,134 ,7.4
The Red Suitcase,2022,"Short, Drama",N/A,18 ,7.4
Bullet Train,2022,"Action, Comedy, Thriller",R,127 ,7.3
Elvis,2022,"Biography, Drama, Music",PG-13,159 ,7.3
Triangle of Sadness,2022,"Comedy, Drama",R,147 ,7.3
Decision to Leave,2022,"Crime, Drama, Mystery",Not Rated,139 ,7.3
1899,2022,"Drama, Horror, Mystery",TV-MA,60 ,7.3
Hustle,2022,"Comedy, Drama, Sport",R,117 ,7.3
Holy Spider,2022,"Crime, Drama, Thriller",N/A,118 ,7.3
She Said,2022,"Drama, History",R,129 ,7.3
Entergalactic,2022,"Animation, Comedy, Music",TV-MA,93 ,7.3
The Conference,2022,"Drama, History, War",N/A,108 ,7.3
War Sailor,2022,"Drama, War",TV-MA,150 ,7.3
Nuclear Now,2022,Documentary,N/A,105 ,7.3
Hit the Road,2021,"Comedy, Drama, Music",N/A,93 ,7.3
The Menu,2022,"Comedy, Horror, Thriller",R,107 ,7.2
Where the Crawdads Sing,2022,"Drama, Mystery, Romance",PG-13,125 ,7.2
The Outfit,2022,"Crime, Drama, Mystery",R,105 ,7.2
"Good Luck to You, Leo Grande",2022,"Comedy, Drama",R,97 ,7.2
Living,2022,Drama,PG-13,102 ,7.2
Till,2022,"Biography, Crime, Drama",PG-13,130 ,7.2
American Dreamer,2022,Comedy,N/A,98 ,7.2
An Irish Goodbye,2022,"Short, Comedy, Drama",N/A,23 ,7.2
A House Made of Splinters,2022,Documentary,N/A,87 ,7.2
Lullaby,2022,Drama,N/A,104 ,7.2
Utama,2022,Drama,N/A,87 ,7.2
An Ostrich Told Me the World Is Fake and I Think I Believe It,2022,"Animation, Short, Comedy",N/A,11 ,7.2
Haulout,2022,"Documentary, Short",N/A,25 ,7.2
Talk to Me,2022,"Horror, Thriller",R,95 ,7.1
Babylon,2022,"Comedy, Drama, History",R,189 ,7.1
Glass Onion,2022,"Comedy, Crime, Drama",PG-13,139 ,7.1
Prey,2022,"Action, Adventure, Drama",R,100 ,7.1
West Side Story,2021,"Crime, Drama, Musical",PG-13,156 ,7.1
Mrs. Harris Goes to Paris,2022,"Comedy, Drama",PG,115 ,7.1
God's Crooked Lines,2022,"Drama, Mystery, Thriller",TV-MA,154 ,7.1
To Leslie,2022,Drama,R,119 ,7.1
Werewolf by Night,2022,"Action, Adventure, Drama",TV-14,52 ,7.1
Broker,2022,"Comedy, Crime, Drama",R,129 ,7.1
Manticore,2022,Drama,N/A,115 ,7.1
Tori and Lokita,2022,Drama,N/A,88 ,7.1
My Year of Dicks,2022,"Animation, Short, Comedy",16+,24 ,7.1
Pearl,2022,"Drama, Horror, Thriller",R,103 ,7
Barbarian,2022,"Horror, Mystery, Thriller",R,102 ,7
The Northman,2022,"Action, Adventure, Drama",R,137 ,7
The Unbearable Weight of Massive Talent,2022,"Action, Comedy, Crime",R,107 ,7
Turning Red,2022,"Animation, Adventure, Comedy",PG,100 ,7
Roald Dahl's Matilda the Musical,2022,"Comedy, Drama, Family",PG,117 ,7
Return to Seoul,2022,Drama,R,119 ,7
The Sea Beast,2022,"Animation, Adventure, Comedy",PG,115 ,7
The Innocents,2021,"Drama, Fantasy, Horror",Not Rated,117 ,7
The Roundup,2022,"Action, Crime, Thriller",N/A,106 ,7
Blue Jean,2022,"Drama, History",N/A,97 ,7
One Fine Morning,2022,"Drama, Romance",R,112 ,7
The Night of the 12th,2022,"Crime, Drama, Mystery",N/A,115 ,7
Pinball: The Man Who Saved the Game,2022,"Biography, Comedy, Drama",N/A,95 ,7
Aspirants,2021,Drama,N/A,443 ,9.2
Arcane,2021,"Animation, Action, Adventure",TV-14,41 ,9
The Beatles: Get Back,2021,"Documentary, Biography, Music",PG-13,468 ,9
1883,20212022,"Drama, Western",TV-MA,562 ,8.7
Jai Bhim,2021,"Crime, Drama, Mystery",TV-MA,164 ,8.7
Come from Away,2021,"Comedy, Drama, Musical",TV-14,106 ,8.5
Mare of Easttown,2021,"Crime, Drama, Mystery",TV-MA,418 ,8.4
"Love, Death & Robots",2019,"Animation, Short, Action",TV-MA,15 ,8.4
Vincenzo,2021,"Action, Comedy, Crime",Not Rated,80 ,8.4
Maid,2021,Drama,TV-MA,545 ,8.3
Shershaah,2021,"Action, Biography, Drama",TV-14,135 ,8.3
Tabbar,2021,"Drama, Thriller",N/A,N/A,8.3
Loki,20212023,"Action, Adventure, Fantasy",TV-14,586 ,8.2
Spider-Man: No Way Home,2021,"Action, Adventure, Fantasy",PG-13,148 ,8.2
Time,2021,"Crime, Drama",TV-14,59 ,8.2
Resident Alien,2021,"Comedy, Drama, Mystery",TV-14,44 ,8.1
Seaspiracy,2021,"Documentary, Adventure",TV-14,89 ,8.1
Dune,2021,"Action, Adventure, Drama",PG-13,155 ,8
Squid Game,2021,"Action, Drama, Mystery",TV-MA,55 ,8
CODA,2021,"Comedy, Drama, Music",PG-13,111 ,8
Friends: The Reunion,2021,"Documentary, Biography, Comedy",TV-14,104 ,8
"Summer of Soul (...Or, When the Revolution Could Not Be Televised)",2021,"Documentary, Music",PG-13,118 ,8
Zack Snyder's Justice League,2021,"Action, Adventure, Fantasy",R,242 ,7.9
WandaVision,2021,"Action, Comedy, Drama",TV-PG,350 ,7.9
Flee,2021,"Documentary, Animation, Biography",PG-13,89 ,7.9
Star Wars: The Bad Batch,20212024,"Animation, Action, Adventure",TV-PG,30 ,7.8
Mimi,2021,"Comedy, Drama",TV-14,132 ,7.8
The Velvet Queen,2021,"Documentary, Adventure",N/A,92 ,7.8
Joji,2021,"Crime, Drama",N/A,113 ,7.8
P!nk: All I Know So Far,2021,"Documentary, Biography, Music",TV-14,99 ,7.8
The Worst Person in the World,2021,"Comedy, Drama, Romance",R,128 ,7.7
Alice in Borderland,2020,"Action, Drama, Mystery",TV-MA,50 ,7.7
Sweet Tooth,2021,"Action, Adventure, Drama",TV-14,50 ,7.7
Marcel the Shell with Shoes On,2021,"Animation, Comedy, Drama",PG,90 ,7.7
Cosas imposibles,2021,Drama,N/A,89 ,7.7
Chintu Ka Birthday,2020,"Comedy, Drama, War",N/A,80 ,7.7
The Mitchells vs the Machines,2021,"Animation, Action, Adventure",PG,114 ,7.6
The Serpent,2021,"Crime, Drama, Thriller",TV-MA,458 ,7.6
Mass,2021,Drama,PG-13,111 ,7.6
Lupin,2021,"Action, Crime, Drama",TV-MA,45 ,7.5
Shadow and Bone,20212023,"Action, Adventure, Drama",TV-14,60 ,7.5
Hawkeye,2021,"Action, Adventure, Crime",TV-14,339 ,7.5
King Richard,2021,"Biography, Drama, Sport",PG-13,144 ,7.5
The Mauritanian,2021,"Biography, Crime, Drama",R,129 ,7.5
Drive My Car,2021,Drama,Unrated,179 ,7.5
Boiling Point,2021,"Drama, Thriller",R,92 ,7.5
Halston,2021,"Biography, Drama",TV-MA,240 ,7.5
Great Freedom,2021,Drama,Unrated,116 ,7.5
Attica,2021,"Documentary, History",TV-MA,116 ,7.5
My Lovely Angel,2021,Drama,N/A,100 ,7.5
The Last Duel,2021,"Action, Drama, History",R,152 ,7.4
Nobody,2021,"Action, Crime, Drama",R,92 ,7.4
Shang-Chi and the Legend of the Ten Rings,2021,"Action, Adventure, Fantasy",PG-13,132 ,7.4
Luca,2021,"Animation, Adventure, Comedy",PG,95 ,7.4
Them,2021,"Drama, Horror, Thriller",TV-MA,45 ,7.4
Judas and the Black Messiah,2021,"Biography, Drama, History",R,126 ,7.4
C'mon C'mon,2021,Drama,R,109 ,7.4
Happening,2021,Drama,R,100 ,7.4
Vortex,2021,Drama,N/A,142 ,7.4
Lunana: A Yak in the Classroom,2019,"Drama, Family",N/A,110 ,7.4
Nowhere Special,2020,Drama,N/A,96 ,7.4
We Made a Beautiful Bouquet,2021,"Drama, Romance",N/A,124 ,7.4
No Time to Die,2021,"Action, Adventure, Thriller",PG-13,163 ,7.3
Cruella,2021,"Adventure, Comedy, Crime",PG-13,134 ,7.3
Old Henry,2021,"Action, Drama, Western",Not Rated,99 ,7.3
Raya and the Last Dragon,2021,"Animation, Action, Adventure",PG,107 ,7.3
Palmer,2021,Drama,R,110 ,7.3
In the Heights,2021,"Drama, Musical, Romance",PG-13,143 ,7.3
The Hand of God,2021,Drama,R,130 ,7.3
Dinner in America,2020,"Comedy, Drama, Music",N/A,106 ,7.3
Hit the Road,2021,"Comedy, Drama, Music",N/A,93 ,7.3
Playground,2021,Drama,N/A,72 ,7.3
Brother's Keeper,2021,"Drama, Thriller",N/A,85 ,7.3
Kaagaz,2021,"Biography, Comedy, Drama",N/A,109 ,7.3
Miracle: Letters to the President,2021,Drama,N/A,117 ,7.3
Writing with Fire,2021,Documentary,Not Rated,92 ,7.3
Writing with Fire,2021,Documentary,Not Rated,92 ,7.3
The Wheel of Time,2021,"Action, Adventure, Drama",TV-14,60 ,7.2
The Suicide Squad,2021,"Action, Adventure, Comedy",R,132 ,7.2
Don't Look Up,2021,"Comedy, Drama, Sci-Fi",R,138 ,7.2
Encanto,2021,"Animation, Comedy, Family",PG,102 ,7.2
Behind Her Eyes,2021,"Drama, Mystery, Thriller",TV-MA,298 ,7.2
Belfast,2021,"Biography, Drama, Romance",PG-13,98 ,7.2
The Book of Boba Fett,20212022,"Action, Adventure, Sci-Fi",TV-14,38 ,7.2
A Quiet Place Part II,2020,"Drama, Horror, Sci-Fi",PG-13,97 ,7.2
The Courier,2020,"Drama, History, Mystery",PG-13,112 ,7.2
Black Box,2021,"Drama, Mystery, Thriller",N/A,129 ,7.2
The Witcher: Nightmare of the Wolf,2021,"Animation, Action, Adventure",TV-MA,83 ,7.2
Minamata,2020,Drama,R,115 ,7.2
"Onoda: 10,000 Nights in the Jungle",2021,"Adventure, Drama, History",N/A,173 ,7.2
Limbo,2020,"Comedy, Drama",R,104 ,7.2
June Again,2020,Drama,Not Rated,99 ,7.2
Return to Legoland,2021,Drama,N/A,109 ,7.2
Ghostbusters: Afterlife,2021,"Adventure, Comedy, Fantasy",PG-13,124 ,7.1
Free Guy,2021,"Action, Adventure, Comedy",PG-13,115 ,7.1
Wrath of Man,2021,"Action, Crime, Thriller",R,119 ,7.1
Licorice Pizza,2021,"Comedy, Drama, Romance",R,133 ,7.1
The French Dispatch,2021,"Comedy, Drama, Romance",R,107 ,7.1
Red Rocket,2021,"Comedy, Drama",R,130 ,7.1
The Tragedy of Macbeth,2021,"Drama, Mystery, Thriller",R,105 ,7.1
The Last Dance,2020,"Documentary, Biography, History",TV-MA,491 ,9.1
David Attenborough: A Life on Our Planet,2020,"Documentary, Biography",PG,83 ,8.9
All Creatures Great and Small,2020,"Comedy, Drama",TV-PG,N/A,8.6
The Queen's Gambit,2020,Drama,TV-MA,397 ,8.5
Hamilton,2020,"Biography, Drama, History",PG-13,160 ,8.3
Dil Bechara,2020,"Comedy, Drama, Romance",Not Rated,101 ,8.3
The Great,20202023,"Biography, Comedy, Drama",TV-MA,"1,594 ",8.2
The Father,2020,"Drama, Mystery",PG-13,97 ,8.2
Caliphate,2020,"Crime, Drama, Thriller",TV-MA,46 ,8.2
Disclosure,2020,Documentary,TV-MA,108 ,8.2
I Know This Much Is True,2020,Drama,TV-MA,378 ,8.1
The King: Eternal Monarch,2020,"Fantasy, Mystery, Romance",TV-14,70 ,8.1
I May Destroy You,2020,Drama,TV-MA,351 ,8.1
My Octopus Teacher,2020,Documentary,TV-G,85 ,8.1
Collective,2019,"Documentary, Crime",Not Rated,109 ,8.1
Dara of Jasenovac,2020,"Drama, War",R,130 ,8.1
Rising Phoenix,2020,"Documentary, Sport",PG-13,105 ,8.1
Soul,2020,"Animation, Adventure, Comedy",PG,100 ,8
Gangs of London,2020,"Action, Crime, Drama",TV-MA,60 ,8
Wolfwalkers,2020,"Animation, Action, Adventure",PG,103 ,8
"Quo Vadis, Aida?",2020,"Drama, History, War",N/A,101 ,8
Ayyappanum Koshiyum,2020,"Action, Drama, Thriller",Not Rated,177 ,8
Sufna,2020,Romance,N/A,144 ,8
Welcome to Chechnya,2020,Documentary,TV-MA,107 ,7.9
Defending Jacob,2020,"Crime, Drama, Mystery",TV-MA,402 ,7.8
Another Round,2020,Drama,Not Rated,117 ,7.7
Sound of Metal,2019,"Drama, Music",R,120 ,7.7
The Trial of the Chicago 7,2020,"Drama, History, Thriller",R,129 ,7.7
Crip Camp,2020,"Documentary, History",R,106 ,7.7
Lethal Kittens,2020,Comedy,N/A,110 ,7.7
The Outsider,2020,"Crime, Drama, Horror",TV-MA,60 ,7.6
Your Honor,20202023,"Crime, Drama, Thriller",TV-MA,57 ,7.6
Perry Mason,20202023,"Crime, Drama, History",TV-MA,60 ,7.6
Father,2020,Drama,N/A,120 ,7.6
Promising Young Woman,2020,"Crime, Drama, Mystery",R,113 ,7.5
Star Trek: Picard,20202023,"Action, Adventure, Drama",TV-MA,46 ,7.5
Hollywood,2020,"Drama, History",TV-MA,347 ,7.5
Riders of Justice,2020,"Action, Comedy, Drama",Not Rated,116 ,7.5
I Am Not Okay with This,2020,"Comedy, Drama, Fantasy",TV-MA,30 ,7.5
Tiger King,20202021,"Documentary, Biography, Crime",TV-MA,45 ,7.5
Clouds,2020,"Biography, Drama, Music",PG-13,121 ,7.5
The Mole Agent,2020,Documentary,Not Rated,84 ,7.5
Yeh Ballet,2020,"Drama, Musical",N/A,117 ,7.5
25 Years of Innocence,2020,Drama,N/A,116 ,7.5
Raised by Wolves,20202022,"Drama, Fantasy, Sci-Fi",TV-MA,55 ,7.4
Minari,2020,Drama,PG-13,115 ,7.4
Palm Springs,2020,"Comedy, Fantasy, Mystery",R,90 ,7.4
Onward,2020,"Animation, Action, Adventure",PG,102 ,7.4
Tales from the Loop,2020,"Drama, Sci-Fi",TV-MA,50 ,7.4
Never Rarely Sometimes Always,2020,Drama,PG-13,101 ,7.4
Persian Lessons,2020,"Drama, War",N/A,127 ,7.4
Nowhere Special,2020,Drama,N/A,96 ,7.4
High Score,2020,"Documentary, History",TV-14,252 ,7.4
Tenet,2020,"Action, Sci-Fi, Thriller",PG-13,150 ,7.3
Nomadland,2020,Drama,R,107 ,7.3
Ratched,2020,"Crime, Drama, History",TV-MA,60 ,7.3
The Banker,2020,"Biography, Drama",PG-13,120 ,7.3
Uncle Frank,2020,"Comedy, Drama",R,95 ,7.3
Your Name Engraved Herein,2020,"Drama, Romance",Not Rated,118 ,7.3
Trance,2020,"Drama, Thriller",Not Rated,170 ,7.3
Your Eyes Tell,2020,"Drama, Romance",N/A,123 ,7.3
Hunters,20202023,"Crime, Drama, Mystery",TV-MA,60 ,7.2
The Courier,2020,"Drama, History, Mystery",PG-13,112 ,7.2
Minamata,2020,Drama,R,115 ,7.2
The Windermere Children,2020,"Drama, War",Not Rated,88 ,7.2
Angrezi Medium,2020,"Comedy, Drama",N/A,145 ,7.2
The Forty-Year-Old Version,2020,"Comedy, Drama",R,123 ,7.2
The Devil All the Time,2020,"Crime, Drama, Thriller",R,138 ,7.1
The Invisible Man,2020,"Drama, Horror, Mystery",R,124 ,7.1
Shiva Baby,2020,"Comedy, Drama",Not Rated,77 ,7.1
The Call,2020,"Crime, Horror, Mystery",TV-MA,112 ,7.1
The King of Staten Island,2020,"Comedy, Drama",R,136 ,7.1
Lovecraft Country,2020,"Drama, Fantasy, Horror",TV-MA,60 ,7.1
The Heist of the Century,2020,"Action, Biography, Comedy",18+,114 ,7.1
The Hater,2020,"Drama, Thriller",TV-MA,135 ,7.1
The Silent Forest,2020,"Drama, Thriller",TV-MA,108 ,7.1
City on the River,2020,"Drama, History",N/A,112 ,7.1
Classmates Minus,2020,"Comedy, Drama",N/A,122 ,7.1
Greyhound,2020,"Action, Drama, History",PG-13,91 ,7
Pieces of a Woman,2020,Drama,R,126 ,7
Rose Island,2020,"Adventure, Biography, Comedy",TV-14,117 ,7
Dating Amber,2020,"Comedy, Drama, Romance",Not Rated,92 ,7
Beasts Clawing at Straws,2020,"Crime, Drama, Thriller",N/A,108 ,7
Love and Monsters,2020,"Action, Adventure, Comedy",PG-13,109 ,6.9
The Croods: A New Age,2020,"Animation, Adventure, Comedy",PG,95 ,6.9
Ma Rainey's Black Bottom,2020,"Drama, Music",R,94 ,6.9
The Half of It,2020,"Comedy, Drama",PG-13,104 ,6.9
Supernova,2020,"Drama, Romance",R,95 ,6.9
How I Became a Gangster,2019,"Crime, Drama",Not Rated,140 ,6.9
The Man Who Sold His Skin,2020,Drama,N/A,104 ,6.9
The Man Standing Next,2020,"Drama, History, Thriller",Not Rated,114 ,6.9
Jailbreak Pact,2020,"Drama, Thriller",N/A,135 ,6.9
Aristocrats,2020,"Drama, Family",N/A,124 ,6.9
Extraction,2020,"Action, Thriller",R,116 ,6.8
The Dry,2020,"Crime, Drama, Mystery",R,117 ,6.8
The Outpost,2019,"Action, Drama, History",R,123 ,6.8
Mank,2020,"Biography, Comedy, Drama",R,131 ,6.8
Calm with Horses,2019,"Crime, Drama, Thriller",R,100 ,6.8
Dracula,2020,"Action, Drama, Fantasy",TV-14,270 ,6.8
News of the World,2020,"Action, Adventure, Drama",PG-13,118 ,6.8
Kota Factory,20192021,"Comedy, Drama",TV-14,388 ,9
The Imagineering Story,2019,Documentary,TV-G,60 ,8.9
The World Between Us,2019,"Crime, Drama",N/A,55 ,8.9
The Untamed,2019,"Action, Adventure, Drama",N/A,50 ,8.8
Parasite,2019,"Drama, Thriller",R,132 ,8.5
For Sama,2019,"Documentary, Biography, War",TV-PG,100 ,8.5
Joker,2019,"Crime, Drama, Thriller",R,122 ,8.4
Avengers: Endgame,2019,"Action, Adventure, Drama",PG-13,181 ,8.4
Kaithi,2019,"Action, Crime, Thriller",Not Rated,145 ,8.4
What's My Name: Muhammad Ali,2019,"Documentary, Biography, Sport",TV-14,165 ,8.4
1917,2019,"Action, Drama, War",R,119 ,8.2
Miracle in Cell No. 7,2019,Drama,TV-14,132 ,8.2
Klaus,2019,"Animation, Adventure, Comedy",PG,96 ,8.2
Uri: The Surgical Strike,2019,"Action, Drama, History",Not Rated,138 ,8.2
Pocket Hercules: Naim Süleymanoglu,2019,"Biography, Drama, History",N/A,141 ,8.2
Ford v Ferrari,2019,"Action, Biography, Drama",PG-13,152 ,8.1
Portrait of a Lady on Fire,2019,"Drama, Romance",R,122 ,8.1
Apollo 11,2019,"Documentary, History",G,93 ,8.1
Article 15,2019,"Crime, Drama, Mystery",Not Rated,130 ,8.1
Collective,2019,"Documentary, Crime",Not Rated,109 ,8.1
Section 375,2019,"Crime, Drama, Mystery",Not Rated,124 ,8.1
Don't F**k with Cats: Hunting an Internet Killer,2019,"Documentary, Crime, Mystery",TV-MA,187 ,8
Truth and Justice,2019,Drama,N/A,165 ,8
Honeyland,2019,"Documentary, Drama",Unrated,89 ,8
The Blue Elephant 2,2019,"Crime, Drama, Horror",N/A,130 ,8
Knives Out,2019,"Comedy, Crime, Drama",PG-13,130 ,7.9
Jojo Rabbit,2019,"Comedy, Drama, War",PG-13,108 ,7.9
Marriage Story,2019,"Drama, Romance",R,137 ,7.9
Togo,2019,"Adventure, Biography, Drama",PG,113 ,7.9
Gully Boy,2019,"Drama, Music, Romance",Not Rated,154 ,7.9
Super 30,2019,"Biography, Drama",Not Rated,154 ,7.9
Sonchiriya,2019,"Action, Crime, Drama",Not Rated,143 ,7.9
The Gentlemen,2019,"Action, Crime",R,113 ,7.8
Little Women,2019,"Drama, Romance",PG,135 ,7.8
The Irishman,2019,"Biography, Crime, Drama",R,209 ,7.8
Law of Tehran,2019,"Action, Crime, Drama",N/A,131 ,7.8
System Crasher,2019,Drama,N/A,125 ,7.8
The Sound Story,2019,"Documentary, Drama",N/A,105 ,7.8
Toy Story 4,2019,"Animation, Adventure, Comedy",G,100 ,7.7
Badla,2019,"Crime, Drama, Mystery",Not Rated,118 ,7.7
Corpus Christi,2019,Drama,Unrated,115 ,7.7
Invisible Life,2019,Drama,R,139 ,7.7
Diego Maradona,2019,"Documentary, Biography, Sport",TV-14,130 ,7.7
"So Long, My Son",2019,Drama,N/A,185 ,7.7
Aga's House,2019,"Comedy, Drama",N/A,107 ,7.7
Once Upon a Time in Hollywood,2019,"Comedy, Drama",R,161 ,7.6
The Peanut Butter Falcon,2019,"Adventure, Comedy, Drama",PG-13,97 ,7.6
Dark Waters,2019,"Biography, Drama, History",PG-13,126 ,7.6
The Boy Who Harnessed the Wind,2019,"Biography, Drama, History",TV-PG,113 ,7.6
Just Mercy,2019,"Biography, Crime, Drama",PG-13,137 ,7.6
The Two Popes,2019,"Biography, Comedy, Drama",PG-13,125 ,7.6
Held for Ransom,2019,"Biography, Drama, War",N/A,138 ,7.6
Sorry We Missed You,2019,Drama,Not Rated,101 ,7.6
Better Days,2019,"Crime, Drama, Romance",N/A,135 ,7.6
Les Misérables,2019,"Crime, Drama, Thriller",R,104 ,7.6
A Regular Woman,2019,"Crime, Drama",Not Rated,90 ,7.6
Richard Jewell,2019,"Biography, Crime, Drama",R,131 ,7.5
The Farewell,2019,"Comedy, Drama",PG,100 ,7.5
Waves,2019,"Drama, Romance, Sport",R,135 ,7.5
Weathering with You,2019,"Animation, Drama, Fantasy",PG-13,112 ,7.5
Pain and Glory,2019,Drama,R,113 ,7.5
The Cave,2019,"Documentary, War",PG-13,107 ,7.5
The Lighthouse,2019,"Drama, Fantasy, Horror",R,109 ,7.4
John Wick: Chapter 3 - Parabellum,2019,"Action, Crime, Thriller",R,130 ,7.4
Uncut Gems,2019,"Crime, Drama, Thriller",R,135 ,7.4
Downton Abbey,2019,"Drama, Romance",PG,122 ,7.4
Spider-Man: Far from Home,2019,"Action, Adventure, Comedy",PG-13,129 ,7.4
How to Train Your Dragon: The Hidden World,2019,"Animation, Action, Adventure",PG,104 ,7.4
A Hidden Life,2019,"Biography, Drama, Romance",PG-13,174 ,7.4
A Dog's Journey,2019,"Adventure, Comedy, Drama",PG,109 ,7.4
Ne Zha,2019,"Animation, Action, Adventure",Not Rated,110 ,7.4
La belle époque,2019,"Comedy, Drama, Fantasy",R,115 ,7.4
The Specials,2019,"Comedy, Drama",N/A,114 ,7.4
Innocent Witness,2019,"Crime, Drama, Mystery",N/A,129 ,7.4
Kesari,2019,"Action, Drama, History",Not Rated,150 ,7.4
37 Seconds,2019,Drama,N/A,115 ,7.4
Midnight Family,2019,"Documentary, Action, Crime",Unrated,81 ,7.4
The Diary of Diana B,2019,"Biography, Drama, History",N/A,88 ,7.4
Square One,2019,Documentary,Not Rated,83 ,7.4
Censored,2019,"Biography, Drama, History",N/A,100 ,7.4
The King,2019,"Biography, Drama, History",R,140 ,7.3
Alita: Battle Angel,2019,"Action, Adventure, Sci-Fi",PG-13,122 ,7.3
Doctor Sleep,2019,"Drama, Fantasy, Horror",R,152 ,7.3
Rocketman,2019,"Biography, Drama, Music",R,121 ,7.3
El Camino: A Breaking Bad Movie,2019,"Action, Crime, Drama",TV-MA,122 ,7.3
Official Secrets,2019,"Biography, Crime, Drama",R,112 ,7.3
The Painted Bird,2019,"Drama, Horror, Thriller",Unrated,169 ,7.3
The Last Black Man in San Francisco,2019,Drama,R,121 ,7.3
The Collini Case,2019,"Crime, Drama, Thriller",Not Rated,123 ,7.3
The Blonde One,2019,"Drama, Romance",Not Rated,108 ,7.3
Bacurau,2019,"Action, Adventure, Drama",Not Rated,131 ,7.3
Kim Ji-young: Born 1982,2019,Drama,N/A,118 ,7.3
Homeward,2019,Drama,N/A,96 ,7.3
Zana,2019,"Drama, Mystery, Thriller",TV-MA,97 ,7.3
The Juror,2019,Drama,N/A,114 ,7.3
"Hello, Love, Goodbye",2019,"Drama, Romance",TV-PG,118 ,7.3
Bebaak,2019,"Short, Drama",N/A,20 ,7.3
A Son,2019,Drama,N/A,95 ,7.3
Five Feet Apart,2019,"Drama, Romance",PG-13,116 ,7.2
A Beautiful Day in the Neighborhood,2019,"Biography, Drama",PG,109 ,7.2
Fargo,20142024,"Crime, Drama, Thriller",TV-MA,53 ,8.9
The Marvelous Mrs. Maisel,20172023,"Comedy, Drama",TV-MA,"2,408 ",8.7
Ozark,20172022,"Crime, Drama, Thriller",TV-MA,60 ,8.5
Coco,2017,"Animation, Adventure, Drama",PG,105 ,8.4
Ayla: The Daughter of War,2017,"Biography, Drama, History",N/A,125 ,8.3
Aloko Udapadi,2017,"Drama, History",N/A,113 ,8.3
Godless,2017,"Action, Drama, Western",TV-MA,452 ,8.2
"Three Billboards Outside Ebbing, Missouri",2017,"Comedy, Crime, Drama",R,115 ,8.1
Logan,2017,"Action, Drama, Sci-Fi",R,137 ,8.1
 Stranger Things,20162025,"Drama, Fantasy, Horror",TV-14,48 ,8.1
Blade Runner 2049,2017,"Action, Drama, Mystery",R,164 ,8
Counterpart,20172019,"Drama, Sci-Fi, Thriller",TV-MA,60 ,8
Wonder,2017,"Drama, Family",PG,113 ,7.9
A Taxi Driver,2017,"Action, Drama, History",Not Rated,137 ,7.9
Dunkirk,2017,"Action, Drama, History",PG-13,106 ,7.8
Call Me by Your Name,2017,"Drama, Romance",R,132 ,7.8
Get Out,2017,"Horror, Mystery, Thriller",R,104 ,7.8
Loving Vincent,2017,"Animation, Drama, Mystery",PG-13,94 ,7.8
Wind River,2017,"Crime, Drama, Mystery",R,107 ,7.7
Resistance Is Life,2017,Documentary,PG,73 ,7.7
The Florida Project,2017,Drama,R,111 ,7.6
Guardians of the Galaxy Vol. 2,2017,"Action, Adventure, Comedy",PG-13,136 ,7.6
Only the Brave,2017,"Action, Biography, Drama",PG-13,134 ,7.6
Gifted,2017,Drama,PG-13,101 ,7.6
Loveless,2017,Drama,R,127 ,7.6
Bad Genius,2017,"Comedy, Crime, Drama",TV-MA,130 ,7.6
The Insult,2017,"Crime, Drama, Thriller",R,113 ,7.6
Newton,2017,"Comedy, Drama",Not Rated,106 ,7.6
Baby Driver,2017,"Action, Crime, Drama",R,113 ,7.5
The Greatest Showman,2017,"Biography, Drama, Musical",PG,105 ,7.5
"I, Tonya",2017,"Biography, Comedy, Drama",R,119 ,7.5
The Big Sick,2017,"Comedy, Drama, Romance",R,120 ,7.5
On Body and Soul,2017,"Drama, Fantasy, Mystery",Not Rated,116 ,7.5
Trapped,2016,"Drama, Thriller",Not Rated,105 ,7.5
I Can Speak,2017,"Comedy, Drama",N/A,119 ,7.5
The Ghazi Attack,2017,"Action, Thriller, War",Not Rated,116 ,7.5
Cyborgs: Heroes Never Die,2017,"Action, Drama, War",TV-14,112 ,7.5
Lady Bird,2017,"Comedy, Drama",R,94 ,7.4
John Wick: Chapter 2,2017,"Action, Crime, Thriller",R,122 ,7.4
Molly's Game,2017,"Biography, Crime, Drama",R,140 ,7.4
Phantom Thread,2017,"Drama, History, Romance",R,130 ,7.4
Darkest Hour,2017,"Biography, Drama, War",PG-13,125 ,7.4
War for the Planet of the Apes,2017,"Action, Adventure, Drama",PG-13,140 ,7.4
Forgotten,2017,"Crime, Mystery, Thriller",TV-MA,108 ,7.4
Mudbound,2017,"Drama, War",R,134 ,7.4
120 BPM,2017,Drama,Not Rated,143 ,7.4
I Dream in Another Language,2017,"Drama, Romance",Unrated,103 ,7.4
What Will People Say,2017,Drama,N/A,106 ,7.4
Arrhythmia,2017,Drama,N/A,116 ,7.4
It,2017,Horror,R,135 ,7.3
The Shape of Water,2017,"Drama, Fantasy, Romance",R,123 ,7.3
Good Time,2017,"Crime, Drama, Thriller",R,102 ,7.3
The Disaster Artist,2017,"Biography, Comedy, Drama",R,104 ,7.3
Okja,2017,"Action, Adventure, Drama",TV-MA,120 ,7.3
Shot Caller,2017,"Crime, Drama, Thriller",R,121 ,7.3
Detroit,2017,"Crime, Drama, History",R,143 ,7.3
The 12th Man,2017,"Drama, History, Thriller",Unrated,135 ,7.3
Marshall,2017,"Biography, Crime, Drama",PG-13,118 ,7.3
Hostiles,2017,"Drama, Western",R,134 ,7.2
The Death of Stalin,2017,"Comedy, Drama, History",R,107 ,7.2
The Post,2017,"Biography, Drama, History",PG-13,116 ,7.2
T2 Trainspotting,2017,"Comedy, Crime, Drama",R,117 ,7.2
Along With the Gods: The Two Worlds,2017,"Action, Adventure, Drama",Not Rated,139 ,7.2
The Outlaws,2017,"Action, Crime, Thriller",Not Rated,121 ,7.2
Columbus,2017,Drama,Not Rated,100 ,7.2
Memoir of a Murderer,2017,"Action, Crime, Mystery",Not Rated,118 ,7.2
First They Killed My Father,2017,"Biography, Drama, History",TV-MA,136 ,7.2
A Fantastic Woman,2017,Drama,R,104 ,7.2
What the Health,2017,Documentary,N/A,97 ,7.2
Spacewalk,2017,"Drama, History",N/A,137 ,7.2
Salyut-7,2017,"Action, Drama, History",N/A,111 ,7.2
Beauty and the Beast,2017,"Adventure, Family, Fantasy",PG,129 ,7.1
American Made,2017,"Action, Comedy, Crime",R,115 ,7.1
The Glass Castle,2017,"Biography, Drama",PG-13,127 ,7.1
The Square,2017,"Comedy, Drama",R,151 ,7.1
In the Fade,2017,"Crime, Drama, Thriller",R,106 ,7.1
Lean on Pete,2017,"Adventure, Drama, Sport",R,121 ,7.1
Breathe,2017,"Biography, Drama, Romance",PG-13,118 ,7.1
1945,2017,Drama,N/A,91 ,7.1
Wrath of Silence,2017,"Crime, Drama, Mystery",Not Rated,120 ,7.1
Silent Night,2017,"Comedy, Drama",N/A,100 ,7.1
Beyond Brotherhood,2017,Drama,N/A,110 ,7.1
The Killing of a Sacred Deer,2017,"Drama, Horror, Mystery",R,121 ,7
The Foreigner,2017,"Action, Thriller",R,113 ,7
Professor Marston & the Wonder Women,2017,"Biography, Drama, History",R,108 ,7
The Zookeeper's Wife,2017,"Biography, Drama, History",PG-13,127 ,7
The Art of Loving: Story of Michalina Wislocka,2017,"Biography, Comedy, Drama",N/A,121 ,7
The Last Recipe: Memory of Giraffe's Tongue,2017,Drama,N/A,126 ,7
Star Wars: Episode VIII - The Last Jedi,2017,"Action, Adventure, Fantasy",PG-13,152 ,6.9
Tigers Are Not Afraid,2017,"Fantasy, Horror, Mystery",Not Rated,83 ,6.9
Borg vs. McEnroe,2017,"Biography, Drama, Sport",R,107 ,6.9
The King,2017,"Action, Crime, Drama",Not Rated,134 ,6.9
All the Money in the World,2017,"Biography, Crime, Drama",R,132 ,6.8
What Happened to Monday,2017,"Action, Crime, Fantasy",TV-MA,123 ,6.8
A Prayer Before Dawn,2017,"Action, Biography, Crime",R,116 ,6.8
The Fortress,2017,"Action, Drama, History",Not Rated,140 ,6.8
The Wound,2017,"Drama, Romance",Unrated,88 ,6.8
One Week Friends,2017,"Comedy, Drama, Romance",N/A,120 ,6.8
Jungle,2017,"Action, Adventure, Biography",R,115 ,6.7
You Were Never Really Here,2017,"Crime, Drama, Thriller",R,89 ,6.7
Uno: The Movie,2016,Comedy,N/A,164 ,9.2
Mirror Game,2016,"Crime, Mystery, Thriller",N/A,147 ,9
O.J.: Made in America,2016,"Documentary, Biography, Crime",TV-MA,467 ,8.9
Stranger Things,20162025,"Drama, Fantasy, Horror",TV-14,51 ,8.7
The Crown,20162023,"Biography, Drama, History",TV-MA,58 ,8.6
Godhi Banna Sadharana Mykattu,2016,"Drama, Thriller",N/A,144 ,8.6
Wake Up America!,2016,"Short, Comedy",N/A,23 ,8.6
Your Name.,2016,"Animation, Drama, Fantasy",PG,106 ,8.4
Dangal,2016,"Action, Biography, Drama",Not Rated,161 ,8.3
Sairat,2016,"Drama, Romance",Not Rated,174 ,8.3
Piper,2016,"Animation, Short, Family",G,6 ,8.3
The Mountain II,2016,"Action, Drama, War",N/A,135 ,8.2
Dhuruvangal Pathinaaru,2016,"Crime, Drama, Mystery",Not Rated,105 ,8.2
Life and Fight,2016,"Drama, History, Romance",N/A,110 ,8.2
Second Life,2016,"Short, Drama, Sci-Fi",N/A,23 ,8.2
The Handmaiden,2016,"Drama, Romance, Thriller",Not Rated,145 ,8.1
Hacksaw Ridge,2016,"Biography, Drama, History",R,139 ,8.1
A Silent Voice: The Movie,2016,"Animation, Drama",Not Rated,130 ,8.1
Pink,2016,"Crime, Drama, Thriller",Not Rated,136 ,8.1
Sink,2015,Drama,N/A,115 ,8.1
La La Land,2016,"Comedy, Drama, Music",PG-13,128 ,8
Deadpool,2016,"Action, Comedy",R,108 ,8
Zootopia,2016,"Animation, Adventure, Comedy",PG,108 ,8
Lion,2016,"Biography, Drama",PG-13,118 ,8
The Invisible Guest,2016,"Crime, Drama, Mystery",TV-MA,106 ,8
Arrival,2016,"Drama, Mystery, Sci-Fi",PG-13,116 ,7.9
Sing Street,2016,"Comedy, Drama, Music",PG-13,106 ,7.9
The Day Will Come,2016,Drama,N/A,119 ,7.9
The Other Me,2016,"Crime, Drama, Mystery",N/A,101 ,7.9
Airlift,2016,"Action, Drama, History",Not Rated,130 ,7.9
Maalik,2016,"Action, Crime, Drama",PG-13,155 ,7.9
Rogue One: A Star Wars Story,2016,"Action, Adventure, Sci-Fi",PG-13,133 ,7.8
Hidden Figures,2016,"Biography, Drama, History",PG,127 ,7.8
Manchester by the Sea,2016,Drama,R,137 ,7.8
Captain America: Civil War,2016,"Action, Sci-Fi",PG-13,147 ,7.8
Captain Fantastic,2016,"Comedy, Drama",R,118 ,7.8
Hunt for the Wilderpeople,2016,"Adventure, Comedy, Drama",PG-13,101 ,7.8
Land of Mine,2015,"Drama, History, War",R,100 ,7.8
"I, Daniel Blake",2016,Drama,R,100 ,7.8
My Life as a Zucchini,2016,"Animation, Comedy, Drama",PG-13,70 ,7.8
Laal Rang,2016,"Comedy, Crime, Drama",Not Rated,147 ,7.8
Perfect Strangers,2016,"Comedy, Drama",N/A,96 ,7.7
The Salesman,2016,"Drama, Thriller",PG-13,124 ,7.7
Hell or High Water,2016,"Crime, Drama, Thriller",R,102 ,7.6
Moana,2016,"Animation, Adventure, Comedy",PG,107 ,7.6
Train to Busan,2016,"Action, Horror, Thriller",Not Rated,118 ,7.6
Maudie,2016,"Biography, Drama, Romance",PG-13,115 ,7.6
Mr. Church,2016,"Comedy, Drama",PG-13,104 ,7.6
Hatred,2016,"Drama, War",N/A,150 ,7.6
Neerja,2016,"Biography, Drama, Thriller",Not Rated,122 ,7.6
Irudhi Suttru,2016,"Action, Drama, Sport",Not Rated,109 ,7.6
Hepta: The Last Lecture,2016,"Drama, Romance",N/A,112 ,7.6
Madaari,2016,"Drama, Thriller",Not Rated,133 ,7.6
Golden Treasure,2016,"Action, Drama, Romance",R,110 ,7.6
Nocturnal Animals,2016,"Drama, Thriller",R,116 ,7.5
Doctor Strange,2016,"Action, Adventure, Fantasy",PG-13,115 ,7.5
Miss Sloane,2016,Drama,R,132 ,7.5
Two Lottery Tickets,2016,Comedy,N/A,86 ,7.5
The Nice Guys,2016,"Action, Comedy, Crime",R,116 ,7.4
Me Before You,2016,"Drama, Romance",PG-13,110 ,7.4
Moonlight,2016,Drama,R,111 ,7.4
The Jungle Book,2016,"Animation, Action, Adventure",PG,106 ,7.4
The Wailing,2016,"Drama, Horror, Mystery",TV-MA,156 ,7.4
Sully,2016,"Biography, Drama",PG-13,96 ,7.4
A Monster Calls,2016,"Adventure, Drama, Family",PG-13,108 ,7.4
Queen of Katwe,2016,"Biography, Drama, Sport",PG,124 ,7.4
After the Storm,2016,"Comedy, Drama",Not Rated,118 ,7.4
Dear Zindagi,2016,"Drama, Romance",Not Rated,151 ,7.4
Heartstone,2016,"Drama, Romance",Unrated,129 ,7.4
The Last Family,2016,"Biography, Drama",N/A,123 ,7.4
Clash,2016,"Drama, Thriller, War",Not Rated,97 ,7.4
Split,2016,"Horror, Thriller",PG-13,117 ,7.3
13 Hours,2016,"Action, Drama, History",R,144 ,7.3
The Accountant,2016,"Action, Crime, Drama",R,128 ,7.3
The Edge of Seventeen,2016,"Comedy, Drama",R,104 ,7.3
Snowden,2016,"Biography, Crime, Drama",R,134 ,7.3
Toni Erdmann,2016,"Comedy, Drama",R,162 ,7.3
The Conjuring 2,2016,"Horror, Mystery, Thriller",R,134 ,7.3
Paterson,2016,"Comedy, Drama, Romance",R,118 ,7.3
20th Century Women,2016,"Comedy, Drama",R,119 ,7.3
Eddie the Eagle,2015,"Adventure, Biography, Comedy",PG-13,106 ,7.3
The Fundamentals of Caring,2016,"Comedy, Drama",TV-MA,97 ,7.3
A Street Cat Named Bob,2016,"Biography, Drama, Family",Not Rated,103 ,7.3
Two Is a Family,2016,"Comedy, Drama",N/A,118 ,7.3
The Innocents,2016,"Drama, History",PG-13,115 ,7.3
Sami Blood,2016,"Drama, History",Not Rated,110 ,7.3
Graduation,2016,"Crime, Drama",R,128 ,7.3
The Net,2016,Drama,N/A,114 ,7.3
Sieranevada,2016,"Comedy, Drama",N/A,173 ,7.3
Sieranevada,2016,"Comedy, Drama",N/A,173 ,7.3
61 Days,2016,"Comedy, Drama",N/A,115 ,7.3
Sarbjit,2016,"Biography, Drama",Not Rated,131 ,7.3
Blind Vaysha,2016,"Animation, Short, Drama",PG-13,8 ,7.3
Fantastic Beasts and Where to Find Them,2016,"Adventure, Family, Fantasy",PG-13,132 ,7.2
Silence,2016,"Drama, History",R,161 ,7.2
10 Cloverfield Lane,2016,"Drama, Horror, Mystery",PG-13,103 ,7.2
The Founder,2016,"Biography, Drama",PG-13,115 ,7.2
Finding Dory,2016,"Animation, Adventure, Comedy",PG,97 ,7.2
Fences,2016,Drama,PG-13,139 ,7.2
The Light Between Oceans,2016,"Drama, Romance",PG-13,133 ,7.2
Mr. Robot,20152019,"Crime, Drama, Thriller",TV-MA,49 ,8.5
Angrej,2015,Romance,Not Rated,130 ,8.5
Belaseshe,2015,"Drama, Family",N/A,141 ,8.5
Premam,2015,"Comedy, Drama, Romance",N/A,156 ,8.3
Winter on Fire: Ukraine's Fight for Freedom,2015,"Documentary, History, War",Not Rated,102 ,8.3
Winter on Fire: Ukraine's Fight for Freedom,2015,"Documentary, History, War",Not Rated,102 ,8.3
Chhello Divas: A New Beginning,2015,Comedy,N/A,138 ,8.3
Drishyam,2015,"Crime, Drama, Mystery",Not Rated,163 ,8.2
RangiTaranga,2015,"Mystery, Thriller",Not Rated,149 ,8.2
Mad Max: Fury Road,2015,"Action, Adventure, Sci-Fi",R,120 ,8.1
Inside Out,2015,"Animation, Adventure, Comedy",PG,95 ,8.1
Room,2015,"Drama, Thriller",R,118 ,8.1
Spotlight,2015,"Biography, Crime, Drama",R,129 ,8.1
Bajrangi Bhaijaan,2015,"Action, Adventure, Comedy",Not Rated,163 ,8.1
Talvar,2015,"Crime, Drama, Mystery",Not Rated,132 ,8.1
Masaan,2015,Drama,N/A,109 ,8.1
The Revenant,2015,"Action, Adventure, Drama",R,156 ,8
The Martian,2015,"Adventure, Drama, Sci-Fi",PG-13,144 ,8
Baahubali: The Beginning,2015,"Action, Drama",Not Rated,159 ,8
Manjhi: The Mountain Man,2015,"Biography, Drama",TV-14,120 ,8
The Man in the High Castle,20152019,"Drama, Sci-Fi, Thriller",TV-MA,60 ,7.9
Baby,2015,"Action, Crime, Thriller",Not Rated,159 ,7.9
Ivy,2015,"Drama, Fantasy, Thriller",Not Rated,104 ,7.9
Shok,2015,"Short, Drama, History",N/A,21 ,7.9
The Hateful Eight,2015,"Crime, Drama, Mystery",R,168 ,7.8
The Big Short,2015,"Biography, Comedy, Drama",R,130 ,7.8
Star Wars: Episode VII - The Force Awakens,2015,"Action, Adventure, Sci-Fi",PG-13,138 ,7.8
Straight Outta Compton,2015,"Biography, Drama, History",R,147 ,7.8
Land of Mine,2015,"Drama, History, War",R,100 ,7.8
Embrace of the Serpent,2015,"Adventure, Biography, Drama",Not Rated,125 ,7.8
Sicario,2015,"Action, Crime, Drama",R,121 ,7.7
Kingsman: The Secret Service,2014,"Action, Adventure, Comedy",R,129 ,7.7
Ex Machina,2014,"Drama, Sci-Fi, Thriller",R,108 ,7.7
Me and Earl and the Dying Girl,2015,"Comedy, Drama, Romance",PG-13,105 ,7.7
Beasts of No Nation,2015,"Drama, War",TV-MA,137 ,7.7
The Second Mother,2015,"Comedy, Drama",R,112 ,7.7
The True Cost,2015,"Documentary, Drama, News",PG-13,92 ,7.7
Creed,2015,"Action, Drama, Sport",PG-13,133 ,7.6
Bridge of Spies,2015,"Drama, History, Thriller",PG-13,142 ,7.6
Victoria,2015,"Crime, Drama, Romance",Not Rated,138 ,7.6
Mustang,2015,Drama,PG-13,97 ,7.6
Mustang,2015,Drama,PG-13,97 ,7.6
The Miracle,2015,"Comedy, Drama",TV-MA,136 ,7.6
Rahasya,2015,"Mystery, Thriller",N/A,123 ,7.6
Aferim!,2015,"Adventure, Comedy, Drama",Not Rated,108 ,7.6
Bilal: A New Breed of Hero,2015,"Animation, Action, Adventure",PG-13,105 ,7.6
Bilal: A New Breed of Hero,2015,"Animation, Action, Adventure",PG-13,105 ,7.6
Enclave,2015,Drama,N/A,92 ,7.6
Detective Byomkesh Bakshy!,2015,"Action, Crime, Drama",Not Rated,139 ,7.6
Tanu Weds Manu Returns,2015,"Comedy, Drama, Romance",Not Rated,128 ,7.6
Brooklyn,2015,"Drama, Romance",PG-13,117 ,7.5
Remember,2015,"Drama, Mystery, Thriller",R,94 ,7.5
Cobain: Montage of Heck,2015,"Documentary, Animation, Biography",TV-MA,132 ,7.5
Where to Invade Next,2015,"Documentary, Comedy",R,120 ,7.5
Dum Laga Ke Haisha,2015,"Comedy, Drama, Romance",Not Rated,109 ,7.5
Liza the Fox-Fairy,2015,"Comedy, Fantasy, Romance",N/A,98 ,7.5
Mission: Impossible - Rogue Nation,2015,"Action, Adventure, Thriller",PG-13,131 ,7.4
"McFarland, USA",2015,"Biography, Drama, Sport",PG,129 ,7.4
Trumbo,2015,"Biography, Drama",R,124 ,7.4
Son of Saul,2015,"Drama, War",R,107 ,7.4
Limonata,2015,"Comedy, Drama",N/A,110 ,7.4
Virgin Mountain,2015,Drama,N/A,94 ,7.4
Yellow Flowers on the Green Grass,2015,Drama,N/A,103 ,7.4
LiveJustine,2015,Thriller,N/A,80 ,7.4
Avengers: Age of Ultron,2015,"Action, Adventure, Sci-Fi",PG-13,141 ,7.3
Southpaw,2015,"Action, Drama, Sport",R,124 ,7.3
Wayward Pines,20152016,"Drama, Horror, Mystery",TV-14,60 ,7.3
Woman in Gold,2015,"Biography, Drama, History",PG-13,109 ,7.3
Youth,2015,"Comedy, Drama, Music",R,124 ,7.3
Youth,2015,"Comedy, Drama, Music",R,124 ,7.3
The Walk,2015,"Adventure, Biography, Drama",PG,123 ,7.3
Little Boy,2015,"Drama, History, War",PG-13,106 ,7.3
The Beauty Inside,2015,"Drama, Fantasy, Romance",Not Rated,127 ,7.3
Palm Trees in the Snow,2015,"Drama, Romance",N/A,163 ,7.3
Truman,2015,"Comedy, Drama",TV-14,108 ,7.3
Kaili Blues,2015,"Drama, Mystery",Not Rated,113 ,7.3
Cartel Land,2015,Documentary,R,100 ,7.3
The Man from U.N.C.L.E.,2015,"Action, Adventure, Comedy",PG-13,116 ,7.2
The Age of Adaline,2015,"Drama, Fantasy, Romance",PG-13,112 ,7.2
Carol,2015,"Drama, Romance",R,118 ,7.2
Steve Jobs,2015,"Biography, Drama",R,122 ,7.2
The Man Who Knew Infinity,2015,"Biography, Drama",PG-13,108 ,7.2
Anomalisa,2015,"Animation, Comedy, Drama",R,90 ,7.2
Dope,2015,"Adventure, Comedy, Crime",R,103 ,7.2
Bajirao Mastani,2015,"Action, Drama, History",Not Rated,158 ,7.2
Spare Parts,2015,"Biography, Drama, History",PG-13,114 ,7.2
The End of the Tour,2015,"Biography, Drama",R,106 ,7.2
The Tiger,2015,"Action, Adventure, Drama",Not Rated,139 ,7.2
The Club,2015,"Drama, Mystery, Thriller",Not Rated,98 ,7.2
Assassination,2015,"Action, Drama, Thriller",Not Rated,140 ,7.2
Theeb,2014,"Adventure, Drama, Thriller",Not Rated,100 ,7.2
Rams,2015,Drama,R,93 ,7.2
Picket 43,2015,"Drama, Thriller",Unrated,104 ,7.2
Sanctuary,2015,Drama,N/A,104 ,7.2
Heneral Luna,2015,"Action, Biography, History",R,118 ,7.2
Gopala Gopala,2015,"Comedy, Drama, Fantasy",Not Rated,153 ,7.2
Champs,2014,"Documentary, Biography, Sport",Not Rated,85 ,7.2
Life Eternal,2015,"Comedy, Crime",N/A,123 ,7.2
Furious 7,2015,"Action, Crime, Thriller",PG-13,137 ,7.1
Everest,2015,"Action, Adventure, Biography",PG-13,121 ,7.1
True Detective,2014,"Crime, Drama, Mystery",TV-MA,55 ,8.9
Fargo,20142024,"Crime, Drama, Thriller",TV-MA,53 ,8.9
Interstellar,2014,"Adventure, Drama, Sci-Fi",PG-13,169 ,8.7
Whiplash,2014,"Drama, Music",R,106 ,8.5
Ulidavaru Kandanthe,2014,"Crime, Drama, Thriller",Not Rated,154 ,8.4
Olive Kitteridge,2014,Drama,TV-14,239 ,8.3
The Look of Silence,2014,"Documentary, Biography, History",PG-13,103 ,8.3
The Missing,20142016,"Crime, Drama, Mystery",TV-14,943 ,8.2
Feast,2014,"Animation, Short, Comedy",G,6 ,8.2
Gone Girl,2014,"Drama, Mystery, Thriller",R,149 ,8.1
The Grand Budapest Hotel,2014,"Adventure, Comedy, Crime",R,99 ,8.1
Wild Tales,2014,"Comedy, Drama, Thriller",R,122 ,8.1
PK,2014,"Comedy, Drama, Sci-Fi",Not Rated,153 ,8.1
Tangerines,2013,"Drama, War",Not Rated,87 ,8.1
Queen,2013,"Adventure, Comedy, Drama",Not Rated,146 ,8.1
See You in Montevideo,2014,"Adventure, Biography, Comedy",N/A,141 ,8.1
Guardians of the Galaxy,2014,"Action, Adventure, Comedy",PG-13,121 ,8
The Imitation Game,2014,"Biography, Drama, Thriller",PG-13,114 ,8
Mommy,2014,Drama,R,139 ,8
The Tale of The Princess Kaguya,2013,"Animation, Drama, Family",PG,137 ,8
Song of the Sea,2014,"Animation, Adventure, Drama",PG,93 ,8
Song of the Sea,2014,"Animation, Adventure, Drama",PG,93 ,8
Winter Sleep,2014,Drama,Not Rated,196 ,8
Ugramm,2014,"Action, Crime, Drama",N/A,132 ,8
Haider,2014,"Action, Crime, Drama",Not Rated,160 ,8
Citizenfour,2014,"Documentary, Biography",R,114 ,8
The Fool,2014,"Crime, Drama, Thriller",N/A,116 ,8
1: Nenokkadine,2014,"Action, Thriller",Not Rated,170 ,8
The Internet's Own Boy: The Story of Aaron Swartz,2014,"Documentary, Biography, Crime",Not Rated,105 ,8
The Affair,20142019,Drama,TV-MA,60 ,7.9
The Affair,20142019,Drama,TV-MA,60 ,7.9
Edge of Tomorrow,2014,"Action, Adventure, Sci-Fi",PG-13,113 ,7.9
X-Men: Days of Future Past,2014,"Action, Adventure, Sci-Fi",PG-13,132 ,7.9
Boyhood,2014,Drama,R,165 ,7.9
The Raid 2,2014,"Action, Crime, Thriller",R,150 ,7.9
The Normal Heart,2014,"Biography, Drama, History",TV-MA,132 ,7.9
The Way He Looks,2014,"Drama, Romance",Not Rated,96 ,7.9
Ankhon Dekhi,2013,"Comedy, Drama",N/A,107 ,7.9
Nightcrawler,2014,"Crime, Drama, Thriller",R,117 ,7.8
Big Hero 6,2014,"Animation, Action, Adventure",PG,102 ,7.8
How to Train Your Dragon 2,2014,"Animation, Action, Adventure",PG,102 ,7.8
Pride,2014,"Biography, Comedy, Drama",R,119 ,7.8
The Lunchbox,2013,"Drama, Romance",PG,104 ,7.8
"Like Father, Like Son",2013,Drama,Not Rated,121 ,7.8
Marvellous,2014,Drama,Not Rated,90 ,7.8
The Teacher's Diary,2014,"Comedy, Drama, Romance",N/A,110 ,7.8
Kingsman: The Secret Service,2014,"Action, Adventure, Comedy",R,129 ,7.7
Birdman or (The Unexpected Virtue of Ignorance),2014,"Comedy, Drama",R,119 ,7.7
The Theory of Everything,2014,"Biography, Drama, Romance",PG-13,123 ,7.7
Captain America: The Winter Soldier,2014,"Action, Adventure, Sci-Fi",PG-13,136 ,7.7
The Lego Movie,2014,"Animation, Action, Adventure",PG,100 ,7.7
The Fault in Our Stars,2014,"Drama, Romance",PG-13,126 ,7.7
Tyrant,20142016,"Action, Drama, Thriller",TV-14,60 ,7.7
The Attorney,2013,Drama,Not Rated,127 ,7.7
One-Minute Time Machine,2014,"Short, Comedy, Romance",N/A,6 ,7.7
Chaar Sahibzaade,2014,"Animation, History",Unrated,135 ,7.7
Gett,2014,Drama,Not Rated,115 ,7.7
Gett,2014,Drama,Not Rated,115 ,7.7
The Guide,2014,"Drama, History",N/A,122 ,7.7
Let's Sin,2014,"Action, Crime, Drama",N/A,110 ,7.7
Kano,2014,"Biography, Drama, History",Not Rated,185 ,7.7
Fury,2014,"Action, Drama, War",R,134 ,7.6
What We Do in the Shadows,2014,"Comedy, Horror",R,86 ,7.6
Dawn of the Planet of the Apes,2014,"Action, Adventure, Drama",PG-13,130 ,7.6
Leviathan,2014,"Crime, Drama",R,140 ,7.6
Metro Manila,2013,"Crime, Drama",Not Rated,115 ,7.6
Monty Python Live (Mostly),2014,"Documentary, Comedy, Musical",Not Rated,162 ,7.6
Excuse My French,2014,"Comedy, Drama",Not Rated,99 ,7.6
Dearest,2014,Drama,N/A,128 ,7.6
Dearest,2014,Drama,N/A,128 ,7.6
Suck it Up Buttercup,2014,"Drama, Family",Not Rated,87 ,7.6
Selma,2014,"Biography, Drama, History",PG-13,128 ,7.5
Still Alice,2014,Drama,PG-13,101 ,7.5
Who Am I,2014,"Crime, Drama, Mystery",Not Rated,102 ,7.5
Omar,2013,"Crime, Drama, Romance",Not Rated,98 ,7.5
Rurouni Kenshin Part II: Kyoto Inferno,2014,"Action, Adventure, Drama",TV-MA,138 ,7.5
Whisper If I Forget,2014,"Drama, Music, Romance",N/A,118 ,7.5
Corn Island,2014,"Drama, War",N/A,100 ,7.5
The Inevitable Defeat of Mister & Pete,2013,Drama,R,108 ,7.5
Way Back Home,2013,Drama,N/A,131 ,7.5
No One's Child,2014,Drama,N/A,95 ,7.5
Two Hearts as One,2014,"Drama, History",N/A,126 ,7.5
Wheels,2014,Drama,R,115 ,7.5
John Wick,2014,"Action, Crime, Thriller",R,101 ,7.4
Predestination,2014,"Action, Drama, Sci-Fi",R,97 ,7.4
The Hobbit: The Battle of the Five Armies,2014,"Adventure, Fantasy",PG-13,144 ,7.4
Begin Again,2013,"Comedy, Drama, Music",R,104 ,7.4
The Judge,2014,"Crime, Drama, Mystery",R,141 ,7.4
Love & Mercy,2014,"Biography, Drama, Music",PG-13,121 ,7.4
The Good Lie,2014,"Biography, Drama",PG-13,110 ,7.4
Calvary,2014,"Crime, Drama, Mystery",R,102 ,7.4
Ida,2013,Drama,PG-13,82 ,7.4
Rudderless,2014,"Comedy, Drama, Music",R,105 ,7.4
The Eagle Path,2010,"Action, Crime, Drama",N/A,108 ,7.4
The Dark Horse,2014,"Biography, Drama",R,124 ,7.4
The Dark Horse,2014,"Biography, Drama",R,124 ,7.4
For Some Inexplicable Reason,2014,"Comedy, Drama",N/A,96 ,7.4
Chef,2014,"Adventure, Comedy, Drama",R,114 ,7.3
American Sniper,2014,"Action, Biography, Drama",R,133 ,7.3
Paddington,2014,"Adventure, Comedy, Family",PG,95 ,7.3
